license_number|company_flag|dba|address1|city|state|zip|county|phone|licensee_type_cd|expiration_date|number_type
WV000002|FERGUSON BROTHERS HEAT & PLUMB CO|FERGUSON BROTHERS HEAT & PLUMB CO|912 MADISON AVE # 9127|HUNTINGTON|WV|257042522|06|304-522-8371|A B C D F G H |11/16/2015|License Number
WV000004|H E NEUMANN COMPANY|H E NEUMANN COMPANY|PO BOX 6208|WHEELING|WV|26003|35|304-232-3040|A B C D E F G H I 999 |8/7/2015|License Number
WV000005|PROGRESSIVE ELECTRIC INC|PROGRESSIVE ELECTRIC INC|PO BOX 3695|CHARLESTON|WV|25336|20|304-345-1253|A B D I 007 014 019 064 |9/11/2015|License Number
WV000006|MURRAYS SHEET METAL CO INC|MURRAYS SHEET METAL CO INC|3112-7TH STREET|PARKERSBURG|WV|261013846|54|304-422-5431| B C D F G I 010 |1/22/2016|License Number
WV000007|ORDERS CONSTRUCTION COMPANY INC|ORDERS CONSTRUCTION COMPANY INC|501 6TH AVENUE POST OFFICE BOX 1448|ST ALBANS|WV|251772842|20|304-722-4237| C I 999 |8/2/2015|License Number
WV000008|J E WHITE CONSTRUCTION COMPANY|J E WHITE CONSTRUCTION COMPANY|1578 KANAWHA BLVD E APT 4A|CHARLESTON|WV|253112452|20|304-549-8046| B E H |10/21/2015|License Number
WV000009|LOWE BROTHERS ELECTRIC CO INC|LOWE BROTHERS ELECTRIC CO INC|1907 S KANAWHA ST|BECKLEY|WV|258016714|41|304-253-8328|A B G I 001 999 |10/1/2015|License Number
WV000010|WINFIELD STROCK|WINFIELD STROCK|3410 CHESTERFIELD AVE|CHARLESTON|WV|25304|20|304-550-2318| B |3/27/2016|License Number
WV000011|MAYNARD C SMITH CONSTRUCTION CO INC|MAYNARD C SMITH CONSTRUCTION CO INC|PO BOX 11888|CHARLESTON|WV|253391888|20|304-925-3190| B |1/20/2016|License Number
WV000030|RICHARD L GANDY|RICHARD L GANDY ELECTRIC|61 GANDY MOUNTAIN RD|CHARLESTON|WV|253129311|20|304-776-6942|A |11/19/2015|License Number
WV000040|WITHROW CONTRACTORS LLC|WITHROW CONTRACTORS LLC|3116 31ST STREET #C|NITRO|WV|25143|20|304-755-4300|A B D E F G H |9/9/2015|License Number
WV000052|THOMAS A CARLYLE|TOMS GENERAL CONTRACTING|448 ROSE HILL ROAD|GRAFTON|WV|263549336|46|304-265-4609| B H I 999 010 007 009 002 |8/1/2015|License Number
WV000053|VALLEY GENERAL CONTRACTING INC|VALLEY GENERAL CONTRACTING INC|PO BOX 2030|FAIRMONT|WV|265552030|25|304-296-0016|A B C D E F G H I 999 010 001 009 |8/1/2015|License Number
WV000055|R NICK NULL|NULLS CONSTRUCTION|PO BOX 943|WAR|WV|248920943|24|304-875-4706|A D G H I 999 004 010 007 009 |2/4/2016|License Number
WV000056|MINGHINIS GENERAL CONTRACTORS INC|MINGHINIS GENERAL CONTRACTORS INC|51 TRUMPET LANE|MARTINSBURG|WV|25404|02|304-263-9988| B E F G H I 999 001 007 010 002 |8/1/2015|License Number
WV000057|THOMAS BAILES CONTRACTING CO INC|THOMAS BAILES CONTRACTING CO INC|334 WISEMAN RD|SUMMERSVILLE|WV|266511635|34|304-872-1448|A B E F G H I 002 |8/1/2015|License Number
WV000061|HARRY W TRUSHEL CONSTRUCTION COMPAN|HARRY W TRUSHEL CONSTRUCTION COMPAN|PO BOX 368|WEIRTON|WV|260620368|15|304-797-7000| B |8/1/2015|License Number
WV000065|ADVANCE REFRIGERATION|ADVANCE REFRIGERATION|506 LITTLE CREEK TRAIL|BERKELEY SPRINGS|WV|25411|33|304-258-3970| D |8/6/2015|License Number
WV000066|C J HUGHES CONSTRUCTION CO INC|C J HUGHES CONSTRUCTION CO INC|PO BOX 7305|HUNTINGTON|WV|257767305|06|304-522-3868| C |10/15/2015|License Number
WV000068|MCCLOY CONSTRUCTION COMPANY INC|PROFESSIONAL HOME SERVICE|202 FERRY ST|CHARLESTON|WV|25314|20|304-342-9440|A B C D E F G H I 999 |8/1/2015|License Number
WV000071|WILLIAM TURNBULL|T R TURNBULL ELECTRIC|1015 1ST ST|HUNTINGTON|WV|257013101|06|304-522-4026|A |8/3/2015|License Number
WV000081|LEE REGER BUILDS INC|LEE REGER BUILDS INC|PO BOX 1872|SHINNSTON|WV|264313872|17|304-592-2083| B C I 999 |8/1/2015|License Number
WV000082|LATEX CONSTRUCTION COMPANY|LATEX CONSTRUCTION COMPANY|PO BOX 917|CONYERS|GA|300120917|0|770-760-0820| F |8/1/2015|License Number
WV000084|HOWARD L BOWERS CONTRACTING CO INC|HOWARD L BOWERS CONTRACTING CO INC|PO BOX 2249|WINTERSVILLE|OH|439530249|0|740-264-7731|A B C D E F G H I 020 |8/1/2015|License Number
WV000085|TUCKER CO DIESEL & TRAILER REP INC|TUCKER CO DIESEL & TRAILER REP INC|PO BOX 366|PARSONS|WV|262870366|47|304-478-2430| B C |8/1/2015|License Number
WV000086|THE BEAVER EXCAVATING CO|THE BEAVER EXCAVATING CO|PO BOX 6059|CANTON|OH|44706|0|330-478-2151| C I 007 |8/1/2015|License Number
WV000088|WOLVERINE FIRE PROTECTION CO|WOLVERINE FIRE PROTECTION CO|PO BOX 219|MOUNT MORRIS|MI|484580219|0|810-686-4630| I 999 |8/1/2015|License Number
WV000091|MAC CONSTRUCTION INC|MAC CONSTRUCTION INC|1028 PROPRIETORS RD UNIT A|COLUMBUS|OH|430857216|0|614-745-8268| B |8/1/2015|License Number
WV000094|KANAWHA VALLEY CONSTRUCTION AND ERE|KANAWHA VALLEY CONSTRUCTION AND ERE|PO BOX 5276|CHARLESTON|WV|253610276|20|304-346-7069|A B C E H |8/1/2015|License Number
WV000095|RANDY H TINCHER|TINCHER CONSTRUCTION|1015 ORCHARD DR|RAINELLE|WV|259621819|13|304-438-5412|A B D G H I 999 007 004 005 001 010 |8/1/2015|License Number
WV000098|RICHARD DOERR|RICHARD DOERR CONSTRUCTION|PO BOX 1876|ELKINS|WV|262411876|42|304-636-6786| B H |8/1/2015|License Number
WV000099|TRAM CONSTRUCTION INC|TRAM CONSTRUCTION INC|PO BOX 250|GARRISON|KY|41141|0|606-757-4874| C |8/1/2015|License Number
WV000104|TRI STATE ROOFING & SHEET METAL CO|TRI STATE ROOFING & SHEET METAL CO|PO BOX 1231|CHARLESTON|WV|253241231|20|304-755-8135| D I 999 010 037 |8/1/2015|License Number
WV000107|CENTRAL GLASS CO OF CHARLESTON INC|CENTRAL GLASS CO OF CHARLESTON INC|PO BOX 6340|CHARLESTON|WV|253620340|20|304-343-5669| B H I 999 011 005 010 004 |8/1/2015|License Number
WV000108|BENCHMARK CONSTRUCTION CO INC|BENCHMARK CONSTRUCTION CO INC|PO BOX 1018|HURRICANE|WV|25526|20|304-546-9099| C |8/1/2015|License Number
WV000110|FIRST FLOORING LLC|FIRST FLOORING LLC|193 CUT OFF RUN|NEWTON|WV|25266|44|304-720-8255|A B C D E F G H I 027 |8/23/2015|License Number
WV000111|MARKS CONSTRUCTION CO|MARKS CONSTRUCTION CO|18 CARRIAGE LN|BRIDGEPORT|WV|26330|17|304-624-5612| B |10/14/2015|License Number
WV000114|L R DORSEY INC|L R DORSEY INC|2700 SMITH RD|CHARLESTON|WV|253142490|20|304-342-5712|A B C D E G H I 999 003 |8/1/2015|License Number
WV000115|KALMAN FLOOR COMPANY|KALMAN FLOOR COMPANY|1202 BERGEN PKWY STE 110|EVERGREEN|CO|804399546|0|303-674-2290| I 999 |8/1/2015|License Number
WV000117|ROVER CONSTRUCTION INC|ROVER CONSTRUCTION INC|PO BOX 127|SAINT ALBANS|WV|25177|20|304-759-2100| C |8/1/2015|License Number
WV000119|UPTON CONSTRUCTION CO INC|UPTON CONSTRUCTION CO INC|PO BOX 39|DUNBAR|WV|25064|20|304-744-4627|A B C F G H I 999 |8/1/2015|License Number
WV000120|NORTH MOUNTAIN CARPENTRY INC|NORTH MOUNTAIN CARPENTRY INC|4194 DRY RUN RD|HEDGESVILLE|WV|25427|02|304-671-1037|A B H I 063 |8/1/2015|License Number
WV000124|MARK R DEEM|MARK R DEEM PLUMBING & ELECTRIC|200 MORROW RD|HUNTINGTON|WV|25701|06|304-522-3109|A D E G I 999 010 007 |8/1/2015|License Number
WV000127|PRESTON ADKINS BUILDING INC|PRESTON ADKINS BUILDING INC|208 MINK CROSSING|DANIELS|WV|25832|41|304-860-1034|A B C D E F G H I 999 004 010 009 |8/1/2015|License Number
WV000129|J & H REINFORCING & STRUCTURAL EREC|J & H REINFORCING & STRUCTURAL EREC|PO BOX 60|PORTSMOUTH|OH|45662|0|740-355-0141| B I 011 |8/28/2015|License Number
WV000132|BURTON LANCE|BURTON LANCE|250 LOCUST HEIGHTS DR.|CLARKSBURG|WV|26301|17|304-622-7344| I 004 |8/1/2015|License Number
WV000136|WALTER N YODER & SONS INC|WALTER N YODER & SONS INC|PO BOX 1337|CUMBERLAND|MD|215011337|0|301-729-0610|A B C D F G |1/28/2016|License Number
WV000138|MOHAWK REBAR SERVICES INC|MOHAWK REBAR SERVICES INC|PO BOX 8468|CANTON|OH|447118468|0|440-268-0780| I 999 007 |8/1/2015|License Number
WV000146|ROBERT R BILLER|R & B CONSTRUCTION CO|RR 1 BOX 104|BEVERLY|WV|26253|42|304-591-4276|A B C D E F G H I 004 |8/8/2015|License Number
WV000148|PATRICK H BELBY|PATRICK H BELBY|116 DANFIELD DR|WHEELING|WV|26003|26|304-242-9690|A |8/1/2015|License Number
WV000156|THOMPSON REAL ESTATE INC|THOMPSON REAL ESTATE INC|3106 PUTNAM AVENUE|HURRICANE|WV|25526|40|304-741-2820| B C E G H I 999 010 009 005 001 003 007 004 |8/1/2015|License Number
WV000160|JUDD THOMPSON|JUDD THOMPSON|PO BOX 8|HURRICANE|WV|255260565|40|304-562-2553| B C E G H I 999 010 009 001 003 005 007 004 |5/6/2015|License Number
WV000162|WILLIAM J THOMPSON JR|WILLIAM J THOMPSON JR|3106 PUTNAM AVENUE|HURRICANE|WV|25526|40|304-741-2820| B C E G H I 999 010 009 001 003 005 007 004 |8/1/2015|License Number
WV000165|DUARTES ROOFING & SHEET METAL CO|DUARTES ROOFING & SHEET METAL CO|412 N OHIO AVE|CLARKSBURG|WV|263020748|17|304-622-3543| I 009 010 069 |8/1/2015|License Number
WV000166|WALTERS CONSTRUCTION INC|WALTERS CONSTRUCTION INC|600 FULTON ST|WHEELING|WV|260036534|35|304-233-1121|A B C D E F G H I 999 004 007 010 009 |8/1/2015|License Number
WV000172|NELSON CONSTRUCTION LLC|NELSON CONSTRUCTION LLC|1168 MAUZY GAP RD|FRANKLIN|WV|26807|36|304-358-7338| C |9/18/2015|License Number
WV000174|M W KRYZAK & SONS INCORPORATED|M W KRYZAK & SONS INCORPORATED|17 KEYSTONE DR|CHARLESTON|WV|253111031|20|304-344-3663| D |9/14/2015|License Number
WV000177|SHEPPARD BROTHERS INC|SHEPPARD BROTHERS INC|3125 SCOTT DEPOT RD|SCOTT DEPOT|WV|25560|40|304-757-4972| B H |8/4/2015|License Number
WV000180|ROB BORAM CONSTRUCTION INC|ROB BORAM CONSTRUCTION INC|536 CHARLES ST|WELLSBURG|WV|260701719|05|304-737-1005|A B D E G H I 999 |8/1/2015|License Number
WV000182|BLAUCH BROTHERS INC|BLAUCH BROTHERS INC|PO BOX 1092|HARRISONBURG|VA|228011092|0|540-434-2589| D G |8/1/2015|License Number
WV000185|MACKEY CONTRACTORS|MACKEY CONTRACTORS|107 MUNSON DR|BECKLEY|WV|258012047|41|304-253-1706| B C D E F G H I 015 007 004 002 010 009 006 003 |8/2/2015|License Number
WV000187|ADAMS COOLING TOWER CONSTRUCTION IN|ADAMS COOLING TOWER CONSTRUCTION IN|PO BOX 191|MOORES HILL|IN|470320191|0|812-744-4223| I 999 |8/2/2015|License Number
WV000195|KENNETH BENNETT|BOB BENNETT HOMES|PO BOX 5580|VIENNA|WV|261055580|54|304-295-0011| B C E G H I 999 |9/30/2015|License Number
WV000197|STATELINE PIPE CORPORATION|STATELINE PIPE CORPORATION|PO BOX 103|BELPRE|OH|45714|0|304-422-5107| G |12/23/2015|License Number
WV000200|RELIABLE ROOFING COMPANY|RELIABLE ROOFING COMPANY|PO BOX 1908|ELKINS|WV|262411908|42|304-636-7188| I 010 030 |8/2/2015|License Number
WV000201|IVS HYDRO INC|IVS HYDRO INC|PO BOX 245|WAVERLY|WV|261840245|54|304-464-4340| B I 999 |8/2/2015|License Number
WV000204|ORVILLE ADKINS|ADKINS HEATING & ELECTRIC|PO BOX 1266|MOUNT GAY|WV|256370633|23|304-752-8216|A B D E G H |11/20/2015|License Number
WV000205|HAYSLETT CONSTRUCTION COMPANY INC|HAYSLETT CONSTRUCTION COMPANY INC|PO BOX 447|HURRICANE|WV|255260447|40|304-757-9348| B C E F G H |8/2/2015|License Number
WV000206|SPENCERS REFRIGERATION INC|SPENCERS REFRIGERATION INC|PO BOX 737|PROCTORVILLE|OH|45669|O6|304-886-5700| D I 999 |8/4/2015|License Number
WV000207|CIPOLETTI PLUMBING HEATING SUPPLY C|CIPOLETTI PLUMBING HEATING SUPPLY C|PO BOX 386|WELLSBURG|WV|260700386|05|304-737-0447|A D G |8/2/2015|License Number
WV000208|MICHAEL PETRELLA|MICHAEL PETRELLA|74 OVERLOOK TERRACE|COLLIERS|WV|260359638|05|304-748-3222| I 015 |8/2/2015|License Number
WV000218|J L MOORE INC|J L MOORE INC|PO BOX 1355|SHEPHERDSTOWN|WV|25443|19|304-876-3294|A B D E G H |8/2/2015|License Number
WV000222|BASIC CONCEPTS INC|PATTERSON BUILDING AND CONTRACTING|103 CRESTWOOD DR|PARKERSBURG|WV|261049235|54|304-834-1991| B H I 009 010 015 |8/2/2015|License Number
WV000227|FORD ASSOCIATES INC|FORD ASSOCIATES INC|1547 SMITH ST|MILTON|WV|255411335|06|304-638-5906| B H |8/31/2015|License Number
WV000228|VECELLIO & GROGAN INC|VECELLIO & GROGAN INC|PO BOX 2438|BECKLEY|WV|258022819|41|304-252-6575| C |8/2/2015|License Number
WV000231|DAVE HINKLE ELECTRIC INC|DAVE HINKLE ELECTRIC INC|4563 PLUTO RD|SHADY SPRING|WV|259188064|41|304-763-2089|A |8/2/2015|License Number
WV000232|HARRIS BROTHERS ROOFING COMPANY|HARRIS BROTHERS ROOFING COMPANY|1518 HANSFORD STREET|CHARLESTON|WV|253111917|20|304-343-5566| B D G I 010 999 |8/2/2015|License Number
WV000233|CABELL SHEET METAL & ROOFING INC|CABELL SHEET METAL & ROOFING INC|PO BOX 448|CEREDO|WV|255070448|50|304-429-6918|A D F G I 999 |8/2/2015|License Number
WV000234|C E ADKINS & SON INC|C E ADKINS & SON INC|5069 GUYAN RIVER RD|HUNTINGTON|WV|257029730|06|304-523-5574| I 015 |8/2/2015|License Number
WV000235|STUART-MCMUNN COMPANY|STUART-MCMUNN COMPANY|137 NORTH 6TH STREET|CLARKSBURG|WV|26301|17|304-623-6666|A B C D E F G H |8/2/2015|License Number
WV000240|VALCON INC|VALCON INC|PO BOX 180|FRANKFORD|WV|24938|13|304-497-3100| B E G H I 999 010 |8/2/2015|License Number
WV000242|PIKE ELECTRIC LLC|PIKE ELECTRIC LLC|PO BOX 868|MOUNT AIRY|NC|270300868|0|336-789-2171|A D |8/2/2015|License Number
WV000246|KALKREUTH ROOFING & SHEET METAL INC|KALKREUTH ROOFING & SHEET METAL INC|53 14TH STREET SUITE 100|WHEELING|WV|26003|35|304-232-8540| I 999 010 |8/2/2015|License Number
WV000247|ROY G HEFFNER INC|ROY G HEFFNER INC|2612 COUNTY ROAD 124|CHESAPEAKE|OH|456198049|0|740-867-8596|A B D G |8/2/2015|License Number
WV000249|KARRAS PAINTING LLC|KARRAS PAINTING LLC|2408 EOFF STREET|WHEELING|WV|260033918|35|304-233-2211| I 015 |8/2/2015|License Number
WV000250|MARQUART INC|MARQUART INC|PO BOX 6264|WHEELING|WV|260030726|35|304-547-0099|A B C D E F G H I 999 |8/6/2015|License Number
WV000251|GEO V HAMILTON INC|GEO V HAMILTON INC|RIVER AVENUE|MCKEES ROCKS|PA|15136|0|412-771-0900| I 026 |8/2/2015|License Number
WV000252|MID ATLANTIC STORAGE SYSTEMS INC|MID ATLANTIC STORAGE SYSTEMS INC|1551 ROBINSON ROAD|WASHINGTON COURT HOUSE|OH|431609201|0|740-335-2019| C |8/2/2015|License Number
WV000259|WILLIAM M BANE|WILLIAM M BANE|RT 3 BOX 3080|KEYSER|WV|26726|29|304-813-8408| I 999 |8/2/2015|License Number
WV000263|JETER PAVING CO INC|JETER PAVING CO INC|1445 OAK RIDGE PL|HAGERSTOWN|MD|217407449|0|301-797-6941| I 999 006 |8/2/2015|License Number
WV000267|CAPITOL TUNNELING INC|CAPITOL TUNNELING INC|2216 REFUGEE RD|COLUMBUS|OH|432072800|0|614-444-0255| C |10/18/2015|License Number
WV000268|MARK ODELL CONSTRUCTION LLC|MARK ODELL CONSTRUCTION LLC|212 POST ROAD|NETTIE|WV|266819607|34|304-651-2780| B I 005 |1/18/2016|License Number
WV000269|E E MOORE CO|E E MOORE CO|PO BOX 8624|SOUTH CHARLESTON|WV|253030624|20|304-744-5103| B H I 999 007 |9/17/2015|License Number
WV000270|SNYDER ENVIRONMENTAL SERVICES INC|SNYDER ENVIRONMENTAL SERVICES INC|270 INDUSTRIAL BLVD|KEARNEYSVILLE|WV|254309646|19|304-725-9140|A C F G |8/2/2015|License Number
WV000278|RICHARD S LOGSTON|LOGSTON SIDING & REMODELING|3409 GLENDALE HGTS RD|GLEN DALE|WV|26038|26|304-232-4840|A B G H I 999 |8/2/2015|License Number
WV000280|GEORGE E CARR|CARRS DRIVEWAY & GENERAL CONT|63 GAP VIEW DR|CHARLESTON|WV|253066650|20|304-925-7030| I 999 007 004 006 002 |8/2/2015|License Number
WV000281|CHARLES A POZELL|CHAZ POZELL CONTRACTING|506 TOMLINSON AVE|GLEN DALE|WV|260381629|26|304-845-2311| B H |11/1/2015|License Number
WV000284|HARRY MCELDOWNEY|HARRY MCELDOWNEY|276 JERRY RUN RD|BRIDGEPORT|WV|263300006|17|304-842-5196| B H |8/2/2015|License Number
WV000287|TRI COUNTY ELECTRIC CO INC|TRI COUNTY ELECTRIC CO INC|300 SCOTTDALE AVENUE|SCOTTDALE|PA|15683|0|724-887-9110|A B C D E F G H I 999 |8/2/2015|License Number
WV000289|J E ROCKIS RENTAL & SUPPLY INC|J E ROCKIS RENTAL & SUPPLY INC|PO BOX 4183|STAR CITY|WV|26504|31|304-282-3470| B C E F G H I 999 004 007 003 |8/2/2015|License Number
WV000290|ROBERTS ESTATES INC|ROBERTS ESTATES INC|PO BOX 227|HENDRICKS|WV|262710227|47|304-478-2307|A B C D E F G H I 999 004 007 009 010 003 002 |8/2/2015|License Number
WV000293|ARCHER PLUMBING & HEATING INC|ARCHER PLUMBING & HEATING INC|184 IVAN STREET|WASHINGTON|WV|26181|54|304-863-6440| D G |9/20/2015|License Number
WV000300|H AND W CONSTRUCTION CO INC|H AND W CONSTRUCTION CO INC|PO BOX 2468|WINCHESTER|VA|226041668|0|540-667-3752| B H I 037 |9/11/2015|License Number
WV000301|SQUIRES ELECTRIC INC|SQUIRES ELECTRIC INC|1003 OLDTOWN ROAD|CUMBERLAND|MD|21502|0|301-722-7763|A D G |9/4/2015|License Number
WV000308|THE EARLY CONSTRUCTION CO|THE EARLY CONSTRUCTION CO|307 COUNTY ROAD 120 SOUTH|SOUTH POINT|OH|45680|0|304-894-5150| C F |8/7/2015|License Number
WV000309|CHESTER MURPHY|MURPHY ROOFING & REPAIRS|1640 POE LN|BRISTOL|WV|26426|17|304-782-2732| I 999 |8/2/2015|License Number
WV000313|R BRADY ORR|R BRADY ORR CONTRACTING|1540 DALLAS PIKE ROAD|TRIADELPHIA|WV|260599728|35|304-547-1961|A B D E G H I 015 004 007 010 001 009 030 027 069 058 |10/20/2015|License Number
WV000314|BILL LOGAN PAINTING CONTRACTOR|BILL LOGAN PAINTING CONTRACTOR|RR 1 BOX 172|BEVERLY|WV|262539749|42|304-636-0144| I 015 |9/10/2015|License Number
WV000315|HALL DOZER CO INC|HALL DOZER CO INC|9500 S CALHOUN HWY.|MILLSTONE|WV|25261|07|304-655-8304| I 999 |8/2/2015|License Number
WV000316|ADVANCE TANK AND CONSTRUCTION CO|ADVANCE TANK AND CONSTRUCTION CO|PO BOX 219|WELLINGTON|CO|805490219|0|970-568-3444| C |8/7/2015|License Number
WV000320|DAVIS H ELLIOT CONSTRUCTION CO INC|DAVIS H ELLIOT CONSTRUCTION CO INC|673 BLUE SKY PARKWAY|LEXINGTON|KY|40509|0|859-263-5148|A |8/2/2015|License Number
WV000322|JEFFREY W ADAMS|JEFFREY W ADAMS|812 ECHO VLY|GLEN DALE|WV|260381205|26|304-845-4891|A |8/2/2015|License Number
WV000323|HAROLD V CATROW INC|HAROLD V CATROW INC|128 MARSHALL STREET|KEARNEYSVILLE|WV|25430|19|304-725-7724|A B F G H I 999 002 008 004 007 006 |8/2/2015|License Number
WV000326|H & S HEATING & COOLING CO|H & S HEATING & COOLING CO|PO BOX 819|POCA|WV|251590819|40|304-755-0622| D |8/2/2015|License Number
WV000327|VFP FIRE SYSTEMS INC|VFP FIRE SYSTEMS INC|301 YORK AVENUE|ST PAUL|MN|55130|0|651-558-3300| I 999 |8/13/2015|License Number
WV000337|KEESLING CONSTRUCTION CO|KEESLING CONSTRUCTION CO|933 NEW HOPE RD|PRINCETON|WV|24740|28|304-425-9588|A B C D E G H I 010 009 003 004 |8/2/2015|License Number
WV000338|BRUCE W RAMSEY|RAMSEYS PLUMBING & HEATING|216 NORTHFIELD DR|LEWISBURG|WV|249019318|13|304-645-3824| D E F G H |10/31/2015|License Number
WV000342|HENSON BROTHERS INC|HENSON BROTHERS INC|PO BOX 655|NITRO|WV|251430655|20|304-768-7315| I 999 037 |11/5/2015|License Number
WV000348|L L LAKE CONTRACTING LLC|L L LAKE CONTRACTING LLC|1110 PHILIPPI PIKE|CLARKSBURG|WV|26301|17|304-622-1002|A B E G H I 999 001 010 009 |8/20/2015|License Number
WV000349|HARBEL INC|HARBEL INC|PO BOX 358|CUMBERLAND|MD|215010358|0|301-729-8303| B C E I 004 010 |8/2/2015|License Number
WV000351|MILLER DOOR INC|MILLER DOOR INC|57 GLENDALE RD|PARKERSBURG|WV|26105|54|304-295-7009| I 017 |8/2/2015|License Number
WV000354|ANDERSON ROOFING SHEET METAL WORKS|ANDERSON ROOFING SHEET METAL WORKS|2633 PAPERMILL RD|WINCHESTER|VA|22601|0|540-662-2586| I 010 025 |8/2/2015|License Number
WV000355|CARL BELT INC|BELT CONSTRUCTION|PO BOX 1210|CUMBERLAND|MD|215011210|0|301-729-8900| B C E I 004 010 |8/2/2015|License Number
WV000358|BUCKEYE MECHANICAL CONTRACTING INC|BUCKEYE MECHANICAL CONTRACTING INC|2325 TWP RD 370|TORONTO|OH|43964|0|740-282-0089| C D F G |8/5/2015|License Number
WV000362|E P LEACH & SONS INC|E P LEACH & SONS INC|PO BOX 1823|HUNTINGTON|WV|25719|06|304-523-7560| B |8/5/2015|License Number
WV000363|PETTICORD & SON INC|PETTICORD & SON INC|10 FOREST PARK|WHEELING|WV|260034818|35|304-233-2727| I 999 015 |8/5/2015|License Number
WV000365|MANESS CONTRACTING INC|MANESS CONTRACTING INC|66 15TH ST|WHEELING|WV|260033552|35|304-233-2332|A B C D E G H |8/5/2015|License Number
WV000368|ADAMS ROBINSON ENTERPRISES INC|ADAMS ROBINSON ENTERPRISES INC|2735 NEEDMORE RD|DAYTON|OH|454144207|0|937-274-5318|A C |8/5/2015|License Number
WV000372|CHRISTOPHER E NEIDHARDT|C E N HEATING & A/C|90 DOG HOLLOW RD|VALLEY GROVE|WV|26060|35|304-547-1710|A D G |2/13/2016|License Number
WV000373|MINCO MILLWORK COMPANY LLC|MINCO MILLWORK COMPANY LLC|RR 4 BOX 121-B|KEYSER|WV|26726|29|304-788-1985| H |8/5/2015|License Number
WV000376|J F ALLEN COMPANY|J F ALLEN COMPANY|PO BOX 2049|BUCKHANNON|WV|262017049|17|304-472-8890| C |8/5/2015|License Number
WV000378|FISHER TANK COMPANY|FISHER TANK COMPANY|3131 W 4TH STREET|CHESTER|PA|190131822|0|215-494-7200| C |4/9/2015|License Number
WV000379|HENKELS & MCCOY INC|HENKELS & MCCOY INC|985 JOLLY RD|BLUE BELL|PA|194221958|0|215-283-7644|A B C F I 999 |8/5/2015|License Number
WV000381|GASCO DRILLING INC|GASCO DRILLING INC|PO BOX 330|CEDAR BLUFF|VA|246090330|0|276-964-2696| I 999 002 |10/29/2015|License Number
WV000384|HOSPITALITY BUILDERS INC|HOSPITALITY BUILDERS INC|150 KNOLLWOOD DR|RAPID CITY|SD|57701|0|605-791-3400|A B D G |9/7/2015|License Number
WV000385|HARTMAN & HARTMAN INC|HARTMAN & HARTMAN INC|67 SEAL ROAD|EIGHTY FOUR|PA|153301828|0|724-239-6002|A B C D F G |8/5/2015|License Number
WV000388|EXCLUSIVE HOME DESIGNS LTD|EXCLUSIVE HOME DESIGNS LTD|3058 MOUNT VERNON RD|HURRICANE|WV|255269793|40|304-757-8978|A B C D E F G H |8/5/2015|License Number
WV000390|LUTHER P ALT|LUTHER P ALT|1974 KELLERS RIDGE RD|PETERSBURG|WV|268479717|12|304-257-8552| I 999 |8/5/2015|License Number
WV000392|BEITZEL CORPORATION|BEITZEL CORPORATION|12072 BITTINGER RD|GRANTSVILLE|MD|215363116|0|301-245-4107|A B C D F G |8/5/2015|License Number
WV000397|HOGSETT INSULATION CO INC|HOGSETT INSULATION CO INC|204 BARTON DR|BARBOURSVILLE|WV|255041104|06|304-529-6811|A B D E F G H I 999 |8/5/2015|License Number
WV000398|WARREN D SOMERVILLE|WARREN D BUILDERS|# 8 HEATHER GLEN|VIENNA|WV|26105|54|304-488-4547| B H |8/5/2015|License Number
WV000399|WILLIAM R SHARPE INC|WILLIAM R SHARPE INC|PO BOX 789|CLARKSBURG|WV|263020789|17|304-622-4681|A B C D E F G H I 999 |8/15/2015|License Number
WV000400|HARRY F ABBOTT JR|HARRY F ABBOTT JR|PO BOX 11858|LYNCHBURG|VA|24506|0|434-528-4423|A B C D E F G I 005 |12/9/2015|License Number
WV000401|MONTROSE CONSTRUCTION CO|MONTROSE CONSTRUCTION CO|RT 1 BOX 129|MONTROSE|WV|262830000|42|304-636-7752|A B D E F G H I 999 007 004 |8/5/2015|License Number
WV000408|FAMCO INC|FAMCO INC|PO BOX 1577|HUNTINGTON|WV|25716|06|304-529-3328| C I 999 |8/5/2015|License Number
WV000409|DAVID E MARTIN|MARTINS BACKHOE SERVICE|801 LITTLE ISLAND CREEK ROAD|PIPESTEM|WV|259798812|28|304-384-7126|A B C D E F G H I 002 |8/5/2015|License Number
WV000412|PERFORMANCE CONTRACTING INC|PERFORMANCE CONTRACTING INC|16400 COLLEGE BLVD|LENEXA|KS|66219|0|913-888-8600| B I 999 |8/5/2015|License Number
WV000415|THE WHITACRE ENGINEERING CO|THE WHITACRE ENGINEERING CO|PO BOX 8444|CANTON|OH|447118444|0|330-455-8505| I 007 |8/5/2015|License Number
WV000419|MULLINS CONSTRUCTION COMPANY|MULLINS CONSTRUCTION COMPANY|PO BOX 163|WHEELERSBURG|OH|45694|0|740-574-8012|A B D F G I 999 |8/5/2015|License Number
WV000421|SUNRISE CONSTRUCTION COMPANY INC|SUNRISE CONSTRUCTION COMPANY INC|352 MATLICK LANE PO BOX 256|MOATSVILLE|WV|264059731|01|304-457-2109| B F H |8/5/2015|License Number
WV000422|IMPAQ INC|IMPAQ INC|352 MATLICK LN PO BOX 256|MOATSVILLE|WV|264059731|01|304-457-5622| B F H |8/5/2015|License Number
WV000423|ELLSWORTH ELECTRIC INC|ELLSWORTH ELECTRIC INC|88 WEST LEE STREET|HAGERSTOWN|MD|21740|0|301-739-8800|A I 999 |8/31/2015|License Number
WV000427|J P PHILLIPS INC|J P PHILLIPS INC|601 TECHNOLOGY DRIVE #150|CANONSBURG|PA|15317|0|724-746-2424| I 027 086 |8/2/2015|License Number
WV000431|PENN ELECTRIC COMPANY INC|PENN ELECTRIC COMPANY INC|5208 MACCORKLE AVE SE|CHARLESTON|WV|25304|20|304-925-1959|A B D E G H I 999 007 010 004 002 |8/5/2015|License Number
WV000437|JAY YOHO|WOODWORKS & MORE|3819 FRANKLIN ST|BELLAIRE|OH|439061140|0|614-676-6902| B E H I 999 007 009 010 069 |8/5/2015|License Number
WV000440|R & H DALTON CONST & MASONRY|R & H DALTON CONST & MASONRY|13 SAND BANK ROAD|MORGANTOWN|WV|26508|31|304-292-1376| B E G H I 999 |8/5/2015|License Number
WV000442|MENDON PIPELINE INC|MENDON PIPELINE INC|PO BOX 429|MENDON|NY|145060429|0|716-624-5880| B C |8/6/2015|License Number
WV000444|BETTY REYNOLDS|REYNOLDS PLUMBING & HEATING|647 KANAWHA STATE FOREST DR|CHARLESTON|WV|253149734|20|304-744-6108| G |8/5/2015|License Number
WV000447|G W HEATING & COOLING INC|G W HEATING & COOLING INC|238 BOGGS FORK ADDITION|SPENCER|WV|25276|44|304-927-1254|A D G H I 027 086 |8/11/2015|License Number
WV000448|CHAPMAN CORPORATION|CHAPMAN CORPORATION|331 S MAIN ST|WASHINGTON|PA|153016367|0|412-228-1900|A B C D F G |8/5/2015|License Number
WV000450|AVALOTIS CORPORATION|AVALOTIS CORPORATION|PO BOX 6|VERONA|PA|151470006|0|412-828-9666| I 999 |10/14/2015|License Number
WV000451|MASSARO INDUSTRIES INC|MASSARO INDUSTRIES INC|91 PENNSYLVANIA AVE|OAKMONT|PA|151391920|0|412-828-1680| I 086 027 |8/5/2015|License Number
WV000455|JOSEPH J MAURO INC|AIRTITE COMPANY|640 RODI RD|PITTSBURGH|PA|152354524|0|412-731-2122| I 999 018 |8/5/2015|License Number
WV000458|PAYNE WELL DRILLING INC|PAYNE WELL DRILLING INC|PO BOX 160|STEPHENSON|VA|226560160|0|540-662-4957| I 999 |8/5/2015|License Number
WV000463|SUTTER ROOFING & METAL COMPANY INC|SUTTER ROOFING & METAL COMPANY INC|PO BOX 2036|CLARKSBURG|WV|263022036|17|304-624-6565| I 999 010 |8/5/2015|License Number
WV000465|JIMMIE HARPER CONSTRUCTION INC|JHC TRUCKING AND RENTALS|PO BOX  5367|VIENNA|WV|26105|54|304-295-9257|A B C D E F G H I 999 |9/5/2015|License Number
WV000469|MOUNTAIN STATE LOG HOMES INC|MOUNTAIN STATE LOG HOMES INC|PO BOX 679|JANE LEW|WV|26378|21|304-884-6641| B D E G H I 999 |8/5/2015|License Number
WV000470|ALAN STONE COMPANY INC|ALAN STONE COMPANY INC|PO BOX 186|WILLIAMSTOWN|WV|26187|54|304-375-6484| C |8/6/2015|License Number
WV000472|STEPHENS EXCAVATING INC|STEPHENS EXCAVATING INC|11010 BECKLEY RD|HAGERSTOWN|MD|21740|0|301-582-2024| I 002 |8/6/2015|License Number
WV000475|TRIMBLE ENGINEERS & CONSTRUCTORS IN|TRIMBLE ENGINEERS & CONSTRUCTORS IN|2991 POINT MARION RD|MORGANTOWN|WV|265052944|20|304-292-9573| B C |8/6/2015|License Number
WV000476|WHITE-SPUNNER CONSTRUCTION INC|WHITE-SPUNNER CONSTRUCTION INC|PO BOX 7986|MOBILE|AL|366700986|0|205-471-5189| B |11/9/2015|License Number
WV000477|WEEKES CONSTRUCTION INC|WEEKES CONSTRUCTION INC|PO BOX 17977|GREENVILLE|SC|29606|0|864-233-0061| B |8/6/2015|License Number
WV000480|PRELOAD INC|PRELOAD INC|49 WIRELESS BLVD STE 200|HAUPPAUGE|NY|11788|0|631-231-8100| I 999 |8/6/2015|License Number
WV000481|PI TUDOR ROOFING CO INC|PI TUDOR ROOFING CO INC|PO BOX 2871|HUNTINGTON|WV|25728|06|304-525-5461| E I 999 009 010 |8/5/2015|License Number
WV000482|D & L WELD INC|D & L WELD INC|301 WILSON ST|MARTINSBURG|WV|254013021|02|304-263-1149| B E H I 999 |8/6/2015|License Number
WV000487|WILSON BLACKTOP CORP|WILSON BLACKTOP CORP|PO BOX 128|COLERAIN|OH|439160128|0|740-633-5202| I 999 006 |8/6/2015|License Number
WV000490|ROGER A POWERS|POWERS CONSTRUCTION & CONTRACTING|79 STARLING ESTATES|MORGANTOWN|WV|26508|31|304-291-0773|A B D E G H I 999 004 007 010 009 |8/6/2015|License Number
WV000492|THE JAMES WHITE CONSTRUCTION COMPAN|THE JAMES WHITE CONSTRUCTION COMPAN|4156 FREEDOM WAY|WEIRTON|WV|260625210|05|304-748-8181| C I 999 006 002 |8/6/2015|License Number
WV000495|GARY MILLER CONSTRUCTION INC|GARY MILLER CONSTRUCTION INC|113 HOLLIE DRIVE|TRIADELPHIA|WV|260599631|35|304-547-5727|A B C D G H |11/28/2015|License Number
WV000496|W O GRUBB STEEL ERECTION INC|W O GRUBB STEEL ERECTION INC|5120 JEFFERSON DAVIS HWY|RICHMOND|VA|232342276|0|804-271-9471| I 999 |8/6/2015|License Number
WV000497|TRUMBO ELECTRIC INC|TRUMBO ELECTRIC INC|PO BOX 38|BROADWAY|VA|228150038|0|540-896-7095|A |8/6/2015|License Number
WV000499|JEFFERSON ASPHALT PRODUCTS COMPANY|JEFFERSON ASPHALT PRODUCTS COMPANY|175 JOHN J THOMAS WAY|CHARLES TOWN|WV|254140131|19|304-725-2539| I 016 006 002 |8/6/2015|License Number
WV000501|SOPHIA PLUMBING COMPANY|SOPHIA PLUMBING COMPANY|PO BOX 1152|SOPHIA|WV|259211152|41|304-683-3640| D F G |8/6/2015|License Number
WV000502|GLEN GOLDEN|GOLD STAR SERVICES|90 SANDY LANE|BERKELEY SPRINGS|WV|25411|33|304-258-4785|A B C D E F G H I 999 004 007 |8/6/2015|License Number
WV000506|CHARLES SOWERS|CHARLES T SOWERS BUILDERS|68 WYCLIFF DR|MARTINSBURG|WV|25403|02|304-263-2656|A B D E G H |8/6/2015|License Number
WV000507|D A CARPENTRY INC|D A CARPENTRY INC|PO BOX 473|HARPERS FERRY|WV|254250473|19|304-535-2778| H |8/6/2015|License Number
WV000508|MARK SMOOT|MARK SMOOT PAINTING|2724 EMMONS AVENUE|HUNTINGTON|WV|257021130|06|304-522-0635| H I 001 015 |8/6/2015|License Number
WV000509|DAVID HUBBARD|HUBBARD EXCAVATION|PO BOX 245|WELLSBURG|WV|260700245|05|304-737-0363|A C G H I 999 007 010 009 001 |8/6/2015|License Number
WV000510|ECHO VALLEY INC|ECHO VALLEY INC|1501 PATTEM TRAIL|FAIRMONT|WV|26554|25|304-288-7412|A B C D E F G H I 999 |8/6/2015|License Number
WV000512|TRIAN